{
  "thresh_v": 0.9136363636363637,
  "thresh_s": 0.995,
  "thresh_n": 0.999,
  "sn_pooling": "topk_noisy_or",
  "sn_topk_ratio": 0.2,
  "sn_topk_min": 3,
  "val_stats": {
    "s_mean": 0.9439275860786438,
    "s_std": 0.06278135627508163,
    "n_mean": 0.4037122428417206,
    "n_std": 0.3419082760810852,
    "s_flag_rate": 0.1976284584980237,
    "n_flag_rate": 0.05533596837944664
  }
}